x_mm,y_mm
22.22406,0.28671
22.28841,0.54504
22.37558,0.75939
22.46893,0.92855
22.55807,1.05937
22.63844,1.16076
22.70914,1.24065
22.77099,1.30519
22.82545,1.35888
22.87403,1.40499
22.91814,1.44586
22.95892,1.48320
22.99735,1.51828
23.03417,1.55206
23.06999,1.58530
23.10526,1.61859
23.14034,1.65239
23.17548,1.68711
23.21086,1.72307
23.24661,1.76054
23.28281,1.79975
23.31948,1.84091
23.35662,1.88420
23.39420,1.92974
23.43217,1.97768
23.47044,2.02811
23.50894,2.08114
23.54754,2.13682
23.58614,2.19521
23.62461,2.25636
23.66282,2.32030
23.70062,2.38703
23.73787,2.45656
23.77444,2.52889
23.81016,2.60398
23.84489,2.68180
23.87848,2.76230
23.91078,2.84543
23.94166,2.93113
23.97096,3.01930
23.99856,3.10987
24.02431,3.20274
24.04809,3.29780
24.06978,3.39495
24.08926,3.49404
24.10642,3.59497
24.12117,3.69759
24.13340,3.80175
24.14304,3.90732
24.15000,4.01413
24.15422,4.12204
24.15564,4.23087
24.15421,4.34047
24.14990,4.45066
24.14267,4.56127
24.13250,4.67213
24.11938,4.78307
24.10333,4.89392
24.08434,5.00449
24.06243,5.11463
24.03765,5.22415
24.01002,5.33289
23.97961,5.44068
23.94646,5.54737
23.91066,5.65278
23.87227,5.75677
23.83140,5.85919
23.78813,5.95989
23.74256,6.05873
23.69482,6.15559
23.64501,6.25034
23.59327,6.34286
23.53973,6.43305
23.48452,6.52080
23.42779,6.60602
23.36968,6.68862
23.31036,6.76854
23.24997,6.84572
23.18867,6.92008
23.12662,6.99160
23.06399,7.06023
23.00093,7.12596
22.93760,7.18876
22.87417,7.24865
22.81079,7.30561
22.74762,7.35968
22.68480,7.41088
22.62249,7.45925
22.56081,7.50484
22.49990,7.54771
22.43988,7.58792
22.38087,7.62557
22.32296,7.66073
22.26622,7.69351
22.21074,7.72402
22.15656,7.75237
22.10371,7.77870
22.05217,7.80313
22.00193,7.82582
21.95291,7.84692
21.90501,7.86661
21.85806,7.88506
21.81184,7.90249
21.76605,7.91910
21.72029,7.93516
21.67405,7.95096
21.62666,7.96685
21.57729,7.98327
21.52484,8.00079
21.46793,8.02018
21.40479,8.04254
21.33320,8.06945
21.25045,8.10325
21.15337,8.14747
21.03871,8.20741
20.90407,8.29067
20.74998,8.40723
20.58316,8.56760
20.41930,8.77742
20.28071,9.02955
20.18607,9.30126
20.13979,9.56343
20.13223,9.79471
20.14872,9.98721
20.17694,10.14297
20.20912,10.26829
20.24121,10.37003
20.27147,10.45414
20.29937,10.52535
20.32501,10.58723
20.34868,10.64251
20.37075,10.69320
20.39159,10.74088
20.41148,10.78672
20.43068,10.83166
20.44937,10.87641
20.46766,10.92156
20.48564,10.96757
20.50334,11.01481
20.52076,11.06358
20.53788,11.11413
20.55464,11.16665
20.57096,11.22129
20.58677,11.27819
20.60196,11.33742
20.61641,11.39906
20.63001,11.46316
20.64263,11.52973
20.65414,11.59877
20.66441,11.67028
20.67331,11.74423
20.68070,11.82057
20.68645,11.89925
20.69044,11.98019
20.69253,12.06331
20.69260,12.14853
20.69054,12.23574
20.68624,12.32482
20.67960,12.41567
20.67050,12.50814
20.65887,12.60210
20.64462,12.69742
20.62768,12.79393
20.60799,12.89150
20.58548,12.98995
20.56011,13.08913
20.53184,13.18887
20.50065,13.28901
20.46651,13.38937
20.42942,13.48978
20.38939,13.59008
20.34642,13.69008
20.30054,13.78962
20.25178,13.88853
20.20019,13.98663
20.14581,14.08378
20.08870,14.17979
20.02895,14.27452
19.96662,14.36781
19.90182,14.45952
19.83463,14.54949
19.76516,14.63759
19.69353,14.72370
19.61986,14.80767
19.54428,14.88941
19.46692,14.96880
19.38792,15.04574
19.30743,15.12013
19.22560,15.19190
19.14259,15.26097
19.05855,15.32726
18.97365,15.39074
18.88805,15.45135
18.80193,15.50906
18.71544,15.56384
18.62876,15.61567
18.54206,15.66455
18.45550,15.71049
18.36925,15.75349
18.28348,15.79359
18.19835,15.83081
18.11401,15.86521
18.03061,15.89683
17.94831,15.92573
17.86723,15.95199
17.78753,15.97569
17.70932,15.99692
17.63272,16.01576
17.55783,16.03232
17.48475,16.04671
17.41357,16.05904
17.34434,16.06942
17.27713,16.07799
17.21197,16.08486
17.14888,16.09017
17.08785,16.09403
17.02886,16.09658
16.97184,16.09794
16.91672,16.09823
16.86335,16.09757
16.81159,16.09607
16.76119,16.09384
16.71188,16.09096
16.66328,16.08751
16.61495,16.08357
16.56628,16.07919
16.51653,16.07444
16.46475,16.06935
16.40971,16.06403
16.34983,16.05860
16.28305,16.05334
16.20671,16.04880
16.11736,16.04602
16.01069,16.04694
15.88156,16.05506
15.72470,16.07635
15.53652,16.12016
15.31890,16.19882
15.08386,16.32385
14.85470,16.49782
14.65773,16.70754
14.50882,16.92822
14.40785,17.13643
14.34461,17.31899
14.30703,17.47277
14.28546,17.60034
14.27340,17.70633
14.26682,17.79548
14.26336,17.87188
14.26160,17.93884
14.26074,17.99896
14.26029,18.05426
14.25993,18.10629
14.25946,18.15626
14.25873,18.20512
14.25759,18.25360
14.25594,18.30229
14.25365,18.35163
14.25061,18.40199
14.24669,18.45363
14.24176,18.50677
14.23571,18.56156
14.22840,18.61812
14.21970,18.67653
14.20948,18.73682
14.19761,18.79901
14.18396,18.86310
14.16842,18.92904
14.15085,18.99680
14.13115,19.06631
14.10920,19.13748
14.08490,19.21023
14.05816,19.28444
14.02887,19.36000
13.99697,19.43679
13.96238,19.51467
13.92503,19.59351
13.88487,19.67314
13.84184,19.75343
13.79592,19.83420
13.74708,19.91531
13.69530,19.99659
13.64057,20.07787
13.58289,20.15899
13.52228,20.23978
13.45876,20.32007
13.39237,20.39969
13.32314,20.47848
13.25114,20.55628
13.17642,20.63293
13.09905,20.70827
13.01913,20.78215
12.93673,20.85442
12.85195,20.92494
12.76491,20.99358
12.67572,21.06021
12.58450,21.12470
12.49138,21.18693
12.39650,21.24681
12.30000,21.30422
12.20202,21.35909
12.10273,21.41132
12.00227,21.46085
11.90081,21.50760
11.79852,21.55153
11.69555,21.59259
11.59209,21.63074
11.48830,21.66597
11.38436,21.69825
11.28043,21.72758
11.17669,21.75396
11.07331,21.77742
10.97046,21.79798
10.86831,21.81566
10.76702,21.83053
10.66676,21.84262
10.56767,21.85201
10.46991,21.85877
10.37363,21.86298
10.27896,21.86472
10.18605,21.86410
10.09501,21.86122
10.00596,21.85618
9.91901,21.84911
9.83427,21.84013
9.75182,21.82936
9.67174,21.81694
9.59409,21.80300
9.51894,21.78767
9.44633,21.77109
9.37629,21.75340
9.30882,21.73473
9.24394,21.71522
9.18162,21.69500
9.12182,21.67418
9.06450,21.65288
9.00957,21.63122
8.95693,21.60927
8.90645,21.58711
8.85797,21.56481
8.81129,21.54238
8.76615,21.51984
8.72228,21.49715
8.67929,21.47424
8.63673,21.45098
8.59405,21.42719
8.55054,21.40261
8.50530,21.37690
8.45719,21.34965
8.40469,21.32033
8.34583,21.28837
8.27793,21.25317
8.19744,21.21429
8.09961,21.17174
7.97835,21.12664
7.82638,21.08229
7.63666,21.04577
7.40586,21.02911
7.14029,21.04774
6.86018,21.11345
6.59494,21.22493
6.36914,21.36597
6.19221,21.51510
6.06018,21.65616
5.96331,21.78136
5.89171,21.88913
5.83758,21.98105
5.79532,22.05982
5.76108,22.12821
5.73224,22.18867
5.70700,22.24324
5.68409,22.29357
5.66260,22.34095
5.64185,22.38641
5.62131,22.43075
5.60055,22.47458
5.57924,22.51839
5.55708,22.56253
5.53382,22.60730
5.50923,22.65288
5.48312,22.69942
5.45530,22.74702
5.42562,22.79571
5.39391,22.84553
5.36005,22.89645
5.32391,22.94844
5.28538,23.00143
5.24436,23.05535
5.20075,23.11011
5.15448,23.16559
5.10548,23.22169
5.05369,23.27826
4.99908,23.33518
4.94159,23.39230
4.88122,23.44948
4.81794,23.50655
4.75175,23.56338
4.68267,23.61979
4.61071,23.67564
4.53591,23.73075
4.45830,23.78499
4.37793,23.83818
4.29487,23.89017
4.20919,23.94081
4.12096,23.98996
4.03028,24.03748
3.93724,24.08321
3.84195,24.12703
3.74453,24.16882
3.64509,24.20845
3.54377,24.24581
3.44070,24.28079
3.33603,24.31330
3.22990,24.34325
3.12247,24.37055
3.01389,24.39514
2.90433,24.41695
2.79395,24.43593
2.68291,24.45204
2.57140,24.46524
2.45958,24.47551
2.34762,24.48284
2.23571,24.48722
2.12400,24.48867
2.01269,24.48719
1.90192,24.48282
1.79189,24.47560
1.68274,24.46556
1.57466,24.45277
1.46778,24.43729
1.36228,24.41920
1.25830,24.39859
1.15598,24.37553
1.05547,24.35014
0.95689,24.32252
0.86037,24.29279
0.76603,24.26107
0.67397,24.22748
0.58431,24.19216
0.49711,24.15525
0.41249,24.11689
0.33049,24.07723
0.25119,24.03641
0.17464,23.99458
0.10087,23.95191
0.02993,23.90854
-0.03818,23.86462
-0.10344,23.82030
-0.16585,23.77573
-0.22544,23.73105
-0.28224,23.68640
-0.33628,23.64190
-0.38762,23.59769
-0.43632,23.55386
-0.48248,23.51053
-0.52619,23.46776
-0.56756,23.42562
-0.60672,23.38416
-0.64382,23.34339
-0.67904,23.30329
-0.71257,23.26382
-0.74463,23.22487
-0.77548,23.18630
-0.80544,23.14788
-0.83485,23.10932
-0.86417,23.07022
-0.89392,23.03007
-0.92479,22.98819
-0.95766,22.94372
-0.99369,22.89559
-1.03447,22.84245
-1.08218,22.78268
-1.13990,22.71442
-1.21196,22.63576
-1.30440,22.54523
-1.42518,22.44291
-1.58365,22.33238
-1.78772,22.22329
-2.03791,22.13228
-2.32053,22.07839
-2.60818,22.07234
-2.87183,22.10934
-3.09412,22.17362
-3.27210,22.24879
-3.41153,22.32376
-3.52076,22.39309
-3.60760,22.45505
-3.67825,22.50982
-3.73735,22.55836
-3.78828,22.60187
-3.83354,22.64146
-3.87493,22.67812
-3.91384,22.71267
-3.95129,22.74576
-3.98809,22.77790
-4.02488,22.80950
-4.06217,22.84085
-4.10037,22.87217
-4.13982,22.90360
-4.18082,22.93524
-4.22361,22.96714
-4.26838,22.99930
-4.31530,23.03172
-4.36453,23.06433
-4.41617,23.09708
-4.47033,23.12987
-4.52709,23.16261
-4.58650,23.19519
-4.64861,23.22747
-4.71344,23.25934
-4.78102,23.29065
-4.85134,23.32127
-4.92439,23.35105
-5.00014,23.37986
-5.07855,23.40753
-5.15957,23.43394
-5.24315,23.45893
-5.32920,23.48237
-5.41765,23.50412
-5.50841,23.52404
-5.60137,23.54202
-5.69642,23.55792
-5.79345,23.57164
-5.89232,23.58305
-5.99292,23.59207
-6.09508,23.59859
-6.19868,23.60253
-6.30355,23.60380
-6.40955,23.60235
-6.51651,23.59811
-6.62426,23.59103
-6.73265,23.58107
-6.84149,23.56819
-6.95063,23.55238
-7.05988,23.53363
-7.16907,23.51193
-7.27803,23.48729
-7.38659,23.45973
-7.49458,23.42929
-7.60182,23.39599
-7.70815,23.35989
-7.81341,23.32105
-7.91743,23.27954
-8.02006,23.23542
-8.12116,23.18880
-8.22057,23.13975
-8.31815,23.08840
-8.41378,23.03483
-8.50732,22.97919
-8.59866,22.92158
-8.68768,22.86214
-8.77429,22.80101
-8.85838,22.73834
-8.93988,22.67426
-9.01870,22.60893
-9.09478,22.54251
-9.16806,22.47516
-9.23850,22.40703
-9.30605,22.33830
-9.37069,22.26911
-9.43240,22.19965
-9.49117,22.13006
-9.54702,22.06052
-9.59994,21.99117
-9.64997,21.92219
-9.69714,21.85371
-9.74149,21.78588
-9.78308,21.71885
-9.82197,21.65275
-9.85824,21.58769
-9.89196,21.52380
-9.92323,21.46118
-9.95215,21.39990
-9.97882,21.34006
-10.00336,21.28169
-10.02590,21.22484
-10.04655,21.16952
-10.06546,21.11572
-10.08277,21.06338
-10.09864,21.01243
-10.11321,20.96273
-10.12666,20.91411
-10.13915,20.86632
-10.15089,20.81904
-10.16208,20.77185
-10.17296,20.72421
-10.18381,20.67543
-10.19498,20.62461
-10.20692,20.57062
-10.22026,20.51199
-10.23590,20.44686
-10.25517,20.37285
-10.28013,20.28701
-10.31397,20.18584
-10.36159,20.06554
-10.43032,19.92294
-10.53014,19.75751
-10.67219,19.57485
-10.86373,19.38995
-11.10000,19.22576
-11.36033,19.10324
-11.61622,19.02981
-11.84544,18.99812
-12.03861,18.99440
-12.19647,19.00618
-12.32447,19.02508
-12.42900,19.04636
-12.51582,19.06766
-12.58955,19.08797
-12.65378,19.10700
-12.71122,19.12476
-12.76395,19.14141
-12.81354,19.15715
-12.86121,19.17215
-12.90791,19.18655
-12.95437,19.20045
-13.00118,19.21392
-13.04882,19.22700
-13.09765,19.23966
-13.14798,19.25189
-13.20004,19.26363
-13.25402,19.27480
-13.31007,19.28533
-13.36831,19.29510
-13.42880,19.30401
-13.49162,19.31194
-13.55678,19.31877
-13.62431,19.32436
-13.69418,19.32859
-13.76637,19.33133
-13.84084,19.33245
-13.91754,19.33182
-13.99638,19.32932
-14.07730,19.32482
-14.16019,19.31821
-14.24495,19.30938
-14.33146,19.29822
-14.41961,19.28463
-14.50926,19.26852
-14.60027,19.24981
-14.69251,19.22842
-14.78581,19.20429
-14.88003,19.17735
-14.97500,19.14757
-15.07056,19.11489
-15.16654,19.07929
-15.26279,19.04075
-15.35911,18.99926
-15.45536,18.95482
-15.55134,18.90744
-15.64690,18.85715
-15.74186,18.80396
-15.83606,18.74793
-15.92933,18.68910
-16.02151,18.62753
-16.11243,18.56329
-16.20195,18.49646
-16.28992,18.42713
-16.37619,18.35540
-16.46061,18.28136
-16.54307,18.20514
-16.62343,18.12684
-16.70157,18.04661
-16.77739,17.96456
-16.85078,17.88085
-16.92165,17.79561
-16.98991,17.70900
-17.05548,17.62118
-17.11830,17.53229
-17.17831,17.44252
-17.23546,17.35201
-17.28972,17.26094
-17.34105,17.16948
-17.38944,17.07779
-17.43487,16.98605
-17.47736,16.89443
-17.51691,16.80309
-17.55355,16.71221
-17.58730,16.62194
-17.61821,16.53244
-17.64633,16.44388
-17.67173,16.35641
-17.69445,16.27016
-17.71460,16.18529
-17.73224,16.10192
-17.74748,16.02017
-17.76041,15.94017
-17.77114,15.86202
-17.77979,15.78581
-17.78646,15.71163
-17.79128,15.63955
-17.79437,15.56962
-17.79587,15.50188
-17.79589,15.43636
-17.79457,15.37306
-17.79203,15.31196
-17.78840,15.25302
-17.78379,15.19618
-17.77832,15.14132
-17.77209,15.08832
-17.76519,15.03699
-17.75770,14.98711
-17.74968,14.93836
-17.74117,14.89040
-17.73220,14.84274
-17.72276,14.79479
-17.71283,14.74582
-17.70236,14.69485
-17.69131,14.64067
-17.67965,14.58168
-17.66744,14.51582
-17.65495,14.44037
-17.64284,14.35180
-17.63260,14.24562
-17.62718,14.11635
-17.63196,13.95812
-17.65586,13.76640
-17.71134,13.54174
-17.81112,13.29493
-17.96018,13.04883
-18.14816,12.83102
-18.35207,12.65986
-18.54858,12.53767
-18.72353,12.45570
-18.87254,12.40225
-18.99716,12.36746
-19.10131,12.34439
-19.18929,12.32853
-19.26490,12.31710
-19.33132,12.30836
-19.39102,12.30122
-19.44596,12.29499
-19.49767,12.28919
-19.54732,12.28350
-19.59583,12.27766
-19.64393,12.27147
-19.69218,12.26474
-19.74101,12.25730
-19.79077,12.24901
-19.84172,12.23971
-19.89406,12.22926
-19.94792,12.21752
-20.00340,12.20433
-20.06058,12.18957
-20.11947,12.17311
-20.18008,12.15480
-20.24239,12.13453
-20.30635,12.11218
-20.37190,12.08762
-20.43897,12.06076
-20.50746,12.03150
-20.57726,11.99973
-20.64828,11.96537
-20.72036,11.92835
-20.79340,11.88860
-20.86724,11.84605
-20.94173,11.80067
-21.01673,11.75240
-21.09208,11.70122
-21.16762,11.64711
-21.24318,11.59006
-21.31860,11.53006
-21.39371,11.46713
-21.46836,11.40129
-21.54237,11.33257
-21.61557,11.26101
-21.68782,11.18666
-21.75894,11.10957
-21.82879,11.02983
-21.89721,10.94751
-21.96405,10.86269
-22.02917,10.77548
-22.09243,10.68598
-22.15371,10.59430
-22.21287,10.50056
-22.26981,10.40489
-22.32441,10.30743
-22.37657,10.20832
-22.42620,10.10770
-22.47322,10.00572
-22.51754,9.90255
-22.55911,9.79834
-22.59786,9.69325
-22.63375,9.58746
-22.66675,9.48114
-22.69682,9.37445
-22.72395,9.26756
-22.74813,9.16066
-22.76937,9.05391
-22.78768,8.94748
-22.80307,8.84155
-22.81560,8.73629
-22.82529,8.63186
-22.83220,8.52842
-22.83640,8.42613
-22.83795,8.32515
-22.83693,8.22562
-22.83343,8.12769
-22.82755,8.03150
-22.81939,7.93717
-22.80906,7.84483
-22.79668,7.75459
-22.78236,7.66655
-22.76624,7.58082
-22.74845,7.49748
-22.72912,7.41661
-22.70840,7.33826
-22.68641,7.26250
-22.66331,7.18937
-22.63923,7.11889
-22.61432,7.05107
-22.58870,6.98593
-22.56252,6.92344
-22.53589,6.86357
-22.50894,6.80628
-22.48177,6.75150
-22.45448,6.69914
-22.42715,6.64908
-22.39984,6.60119
-22.37258,6.55531
-22.34540,6.51122
-22.31827,6.46870
-22.29112,6.42743
-22.26383,6.38707
-22.23625,6.34718
-22.20813,6.30722
-22.17914,6.26652
-22.14884,6.22422
-22.11671,6.17921
-22.08207,6.13007
-22.04413,6.07487
-22.00202,6.01102
-21.95494,5.93503
-21.90240,5.84219
-21.84487,5.72630
-21.78488,5.57981
-21.72873,5.39494
-21.68804,5.16715
-21.67880,4.90108
-21.71488,4.61564
-21.79802,4.34020
-21.91468,4.10089
-22.04450,3.90935
-22.17099,3.76330
-22.28538,3.65387
-22.38507,3.57140
-22.47083,3.50796
-22.54475,3.45769
-22.60918,3.41649
-22.66630,3.38149
-22.71793,3.35068
-22.76559,3.32264
-22.81047,3.29632
-22.85351,3.27093
-22.89546,3.24586
-22.93688,3.22064
-22.97822,3.19486
-23.01981,3.16821
-23.06189,3.14039
-23.10466,3.11118
-23.14821,3.08035
-23.19264,3.04771
-23.23797,3.01309
-23.28420,2.97636
-23.33130,2.93736
-23.37923,2.89598
-23.42790,2.85212
-23.47724,2.80569
-23.52714,2.75660
-23.57748,2.70478
-23.62814,2.65018
-23.67900,2.59277
-23.72989,2.53250
-23.78069,2.46936
-23.83124,2.40334
-23.88139,2.33444
-23.93099,2.26268
-23.97987,2.18808
-24.02789,2.11068
-24.07489,2.03052
-24.12071,1.94766
-24.16521,1.86218
-24.20823,1.77414
-24.24964,1.68363
-24.28930,1.59075
-24.32707,1.49560
-24.36283,1.39829
-24.39646,1.29894
-24.42783,1.19768
-24.45685,1.09465
-24.48341,0.98998
-24.50743,0.88382
-24.52882,0.77633
-24.54751,0.66765
-24.56343,0.55795
-24.57654,0.44739
-24.58677,0.33615
-24.59411,0.22439
-24.59853,0.11228
-24.60000,-0.00000
-24.59853,-0.11228
-24.59411,-0.22439
-24.58677,-0.33615
-24.57654,-0.44739
-24.56343,-0.55795
-24.54751,-0.66765
-24.52882,-0.77633
-24.50743,-0.88382
-24.48341,-0.98998
-24.45685,-1.09465
-24.42783,-1.19768
-24.39646,-1.29894
-24.36283,-1.39829
-24.32707,-1.49560
-24.28930,-1.59075
-24.24964,-1.68363
-24.20823,-1.77414
-24.16521,-1.86218
-24.12071,-1.94766
-24.07489,-2.03052
-24.02789,-2.11068
-23.97987,-2.18808
-23.93099,-2.26268
-23.88139,-2.33444
-23.83124,-2.40334
-23.78069,-2.46936
-23.72989,-2.53250
-23.67900,-2.59277
-23.62814,-2.65018
-23.57748,-2.70478
-23.52714,-2.75660
-23.47724,-2.80569
-23.42790,-2.85212
-23.37923,-2.89598
-23.33130,-2.93736
-23.28420,-2.97636
-23.23797,-3.01309
-23.19264,-3.04771
-23.14821,-3.08035
-23.10466,-3.11118
-23.06189,-3.14039
-23.01981,-3.16821
-22.97822,-3.19486
-22.93688,-3.22064
-22.89546,-3.24586
-22.85351,-3.27093
-22.81047,-3.29632
-22.76559,-3.32264
-22.71793,-3.35068
-22.66630,-3.38149
-22.60918,-3.41649
-22.54475,-3.45769
-22.47083,-3.50796
-22.38507,-3.57140
-22.28538,-3.65387
-22.17099,-3.76330
-22.04450,-3.90935
-21.91468,-4.10089
-21.79802,-4.34020
-21.71488,-4.61564
-21.67880,-4.90108
-21.68804,-5.16715
-21.72873,-5.39494
-21.78488,-5.57981
-21.84487,-5.72630
-21.90240,-5.84219
-21.95494,-5.93503
-22.00202,-6.01102
-22.04413,-6.07487
-22.08207,-6.13007
-22.11671,-6.17921
-22.14884,-6.22422
-22.17914,-6.26652
-22.20813,-6.30722
-22.23625,-6.34718
-22.26383,-6.38707
-22.29112,-6.42743
-22.31827,-6.46870
-22.34540,-6.51122
-22.37258,-6.55531
-22.39984,-6.60119
-22.42715,-6.64908
-22.45448,-6.69914
-22.48177,-6.75150
-22.50894,-6.80628
-22.53589,-6.86357
-22.56252,-6.92344
-22.58870,-6.98593
-22.61432,-7.05107
-22.63923,-7.11889
-22.66331,-7.18937
-22.68641,-7.26250
-22.70840,-7.33826
-22.72912,-7.41661
-22.74845,-7.49748
-22.76624,-7.58082
-22.78236,-7.66655
-22.79668,-7.75459
-22.80906,-7.84483
-22.81939,-7.93717
-22.82755,-8.03150
-22.83343,-8.12769
-22.83693,-8.22562
-22.83795,-8.32515
-22.83640,-8.42613
-22.83220,-8.52842
-22.82529,-8.63186
-22.81560,-8.73629
-22.80307,-8.84155
-22.78768,-8.94748
-22.76937,-9.05391
-22.74813,-9.16066
-22.72395,-9.26756
-22.69682,-9.37445
-22.66675,-9.48114
-22.63375,-9.58746
-22.59786,-9.69325
-22.55911,-9.79834
-22.51754,-9.90255
-22.47322,-10.00572
-22.42620,-10.10770
-22.37657,-10.20832
-22.32441,-10.30743
-22.26981,-10.40489
-22.21287,-10.50056
-22.15371,-10.59430
-22.09243,-10.68598
-22.02917,-10.77548
-21.96405,-10.86269
-21.89721,-10.94751
-21.82879,-11.02983
-21.75894,-11.10957
-21.68782,-11.18666
-21.61557,-11.26101
-21.54237,-11.33257
-21.46836,-11.40129
-21.39371,-11.46713
-21.31860,-11.53006
-21.24318,-11.59006
-21.16762,-11.64711
-21.09208,-11.70122
-21.01673,-11.75240
-20.94173,-11.80067
-20.86724,-11.84605
-20.79340,-11.88860
-20.72036,-11.92835
-20.64828,-11.96537
-20.57726,-11.99973
-20.50746,-12.03150
-20.43897,-12.06076
-20.37190,-12.08762
-20.30635,-12.11218
-20.24239,-12.13453
-20.18008,-12.15480
-20.11947,-12.17311
-20.06058,-12.18957
-20.00340,-12.20433
-19.94792,-12.21752
-19.89406,-12.22926
-19.84172,-12.23971
-19.79077,-12.24901
-19.74101,-12.25730
-19.69218,-12.26474
-19.64393,-12.27147
-19.59583,-12.27766
-19.54732,-12.28350
-19.49767,-12.28919
-19.44596,-12.29499
-19.39102,-12.30122
-19.33132,-12.30836
-19.26490,-12.31710
-19.18929,-12.32853
-19.10131,-12.34439
-18.99716,-12.36746
-18.87254,-12.40225
-18.72353,-12.45570
-18.54858,-12.53767
-18.35207,-12.65986
-18.14816,-12.83102
-17.96018,-13.04883
-17.81112,-13.29493
-17.71134,-13.54174
-17.65586,-13.76640
-17.63196,-13.95812
-17.62718,-14.11635
-17.63260,-14.24562
-17.64284,-14.35180
-17.65495,-14.44037
-17.66744,-14.51582
-17.67965,-14.58168
-17.69131,-14.64067
-17.70236,-14.69485
-17.71283,-14.74582
-17.72276,-14.79479
-17.73220,-14.84274
-17.74117,-14.89040
-17.74968,-14.93836
-17.75770,-14.98711
-17.76519,-15.03699
-17.77209,-15.08832
-17.77832,-15.14132
-17.78379,-15.19618
-17.78840,-15.25302
-17.79203,-15.31196
-17.79457,-15.37306
-17.79589,-15.43636
-17.79587,-15.50188
-17.79437,-15.56962
-17.79128,-15.63955
-17.78646,-15.71163
-17.77979,-15.78581
-17.77114,-15.86202
-17.76041,-15.94017
-17.74748,-16.02017
-17.73224,-16.10192
-17.71460,-16.18529
-17.69445,-16.27016
-17.67173,-16.35641
-17.64633,-16.44388
-17.61821,-16.53244
-17.58730,-16.62194
-17.55355,-16.71221
-17.51691,-16.80309
-17.47736,-16.89443
-17.43487,-16.98605
-17.38944,-17.07779
-17.34105,-17.16948
-17.28972,-17.26094
-17.23546,-17.35201
-17.17831,-17.44252
-17.11830,-17.53229
-17.05548,-17.62118
-16.98991,-17.70900
-16.92165,-17.79561
-16.85078,-17.88085
-16.77739,-17.96456
-16.70157,-18.04661
-16.62343,-18.12684
-16.54307,-18.20514
-16.46061,-18.28136
-16.37619,-18.35540
-16.28992,-18.42713
-16.20195,-18.49646
-16.11243,-18.56329
-16.02151,-18.62753
-15.92933,-18.68910
-15.83606,-18.74793
-15.74186,-18.80396
-15.64690,-18.85715
-15.55134,-18.90744
-15.45536,-18.95482
-15.35911,-18.99926
-15.26279,-19.04075
-15.16654,-19.07929
-15.07056,-19.11489
-14.97500,-19.14757
-14.88003,-19.17735
-14.78581,-19.20429
-14.69251,-19.22842
-14.60027,-19.24981
-14.50926,-19.26852
-14.41961,-19.28463
-14.33146,-19.29822
-14.24495,-19.30938
-14.16019,-19.31821
-14.07730,-19.32482
-13.99638,-19.32932
-13.91754,-19.33182
-13.84084,-19.33245
-13.76637,-19.33133
-13.69418,-19.32859
-13.62431,-19.32436
-13.55678,-19.31877
-13.49162,-19.31194
-13.42880,-19.30401
-13.36831,-19.29510
-13.31007,-19.28533
-13.25402,-19.27480
-13.20004,-19.26363
-13.14798,-19.25189
-13.09765,-19.23966
-13.04882,-19.22700
-13.00118,-19.21392
-12.95437,-19.20045
-12.90791,-19.18655
-12.86121,-19.17215
-12.81354,-19.15715
-12.76395,-19.14141
-12.71122,-19.12476
-12.65378,-19.10700
-12.58955,-19.08797
-12.51582,-19.06766
-12.42900,-19.04636
-12.32447,-19.02508
-12.19647,-19.00618
-12.03861,-18.99440
-11.84544,-18.99812
-11.61622,-19.02981
-11.36033,-19.10324
-11.10000,-19.22576
-10.86373,-19.38995
-10.67219,-19.57485
-10.53014,-19.75751
-10.43032,-19.92294
-10.36159,-20.06554
-10.31397,-20.18584
-10.28013,-20.28701
-10.25517,-20.37285
-10.23590,-20.44686
-10.22026,-20.51199
-10.20692,-20.57062
-10.19498,-20.62461
-10.18381,-20.67543
-10.17296,-20.72421
-10.16208,-20.77185
-10.15089,-20.81904
-10.13915,-20.86632
-10.12666,-20.91411
-10.11321,-20.96273
-10.09864,-21.01243
-10.08277,-21.06338
-10.06546,-21.11572
-10.04655,-21.16952
-10.02590,-21.22484
-10.00336,-21.28169
-9.97882,-21.34006
-9.95215,-21.39990
-9.92323,-21.46118
-9.89196,-21.52380
-9.85824,-21.58769
-9.82197,-21.65275
-9.78308,-21.71885
-9.74149,-21.78588
-9.69714,-21.85371
-9.64997,-21.92219
-9.59994,-21.99117
-9.54702,-22.06052
-9.49117,-22.13006
-9.43240,-22.19965
-9.37069,-22.26911
-9.30605,-22.33830
-9.23850,-22.40703
-9.16806,-22.47516
-9.09478,-22.54251
-9.01870,-22.60893
-8.93988,-22.67426
-8.85838,-22.73834
-8.77429,-22.80101
-8.68768,-22.86214
-8.59866,-22.92158
-8.50732,-22.97919
-8.41378,-23.03483
-8.31815,-23.08840
-8.22057,-23.13975
-8.12116,-23.18880
-8.02006,-23.23542
-7.91743,-23.27954
-7.81341,-23.32105
-7.70815,-23.35989
-7.60182,-23.39599
-7.49458,-23.42929
-7.38659,-23.45973
-7.27803,-23.48729
-7.16907,-23.51193
-7.05988,-23.53363
-6.95063,-23.55238
-6.84149,-23.56819
-6.73265,-23.58107
-6.62426,-23.59103
-6.51651,-23.59811
-6.40955,-23.60235
-6.30355,-23.60380
-6.19868,-23.60253
-6.09508,-23.59859
-5.99292,-23.59207
-5.89232,-23.58305
-5.79345,-23.57164
-5.69642,-23.55792
-5.60137,-23.54202
-5.50841,-23.52404
-5.41765,-23.50412
-5.32920,-23.48237
-5.24315,-23.45893
-5.15957,-23.43394
-5.07855,-23.40753
-5.00014,-23.37986
-4.92439,-23.35105
-4.85134,-23.32127
-4.78102,-23.29065
-4.71344,-23.25934
-4.64861,-23.22747
-4.58650,-23.19519
-4.52709,-23.16261
-4.47033,-23.12987
-4.41617,-23.09708
-4.36453,-23.06433
-4.31530,-23.03172
-4.26838,-22.99930
-4.22361,-22.96714
-4.18082,-22.93524
-4.13982,-22.90360
-4.10037,-22.87217
-4.06217,-22.84085
-4.02488,-22.80950
-3.98809,-22.77790
-3.95129,-22.74576
-3.91384,-22.71267
-3.87493,-22.67812
-3.83354,-22.64146
-3.78828,-22.60187
-3.73735,-22.55836
-3.67825,-22.50982
-3.60760,-22.45505
-3.52076,-22.39309
-3.41153,-22.32376
-3.27210,-22.24879
-3.09412,-22.17362
-2.87183,-22.10934
-2.60818,-22.07234
-2.32053,-22.07839
-2.03791,-22.13228
-1.78772,-22.22329
-1.58365,-22.33238
-1.42518,-22.44291
-1.30440,-22.54523
-1.21196,-22.63576
-1.13990,-22.71442
-1.08218,-22.78268
-1.03447,-22.84245
-0.99369,-22.89559
-0.95766,-22.94372
-0.92479,-22.98819
-0.89392,-23.03007
-0.86417,-23.07022
-0.83485,-23.10932
-0.80544,-23.14788
-0.77548,-23.18630
-0.74463,-23.22487
-0.71257,-23.26382
-0.67904,-23.30329
-0.64382,-23.34339
-0.60672,-23.38416
-0.56756,-23.42562
-0.52619,-23.46776
-0.48248,-23.51053
-0.43632,-23.55386
-0.38762,-23.59769
-0.33628,-23.64190
-0.28224,-23.68640
-0.22544,-23.73105
-0.16585,-23.77573
-0.10344,-23.82030
-0.03818,-23.86462
0.02993,-23.90854
0.10087,-23.95191
0.17464,-23.99458
0.25119,-24.03641
0.33049,-24.07723
0.41249,-24.11689
0.49711,-24.15525
0.58431,-24.19216
0.67397,-24.22748
0.76603,-24.26107
0.86037,-24.29279
0.95689,-24.32252
1.05547,-24.35014
1.15598,-24.37553
1.25830,-24.39859
1.36228,-24.41920
1.46778,-24.43729
1.57466,-24.45277
1.68274,-24.46556
1.79189,-24.47560
1.90192,-24.48282
2.01269,-24.48719
2.12400,-24.48867
2.23571,-24.48722
2.34762,-24.48284
2.45958,-24.47551
2.57140,-24.46524
2.68291,-24.45204
2.79395,-24.43593
2.90433,-24.41695
3.01389,-24.39514
3.12247,-24.37055
3.22990,-24.34325
3.33603,-24.31330
3.44070,-24.28079
3.54377,-24.24581
3.64509,-24.20845
3.74453,-24.16882
3.84195,-24.12703
3.93724,-24.08321
4.03028,-24.03748
4.12096,-23.98996
4.20919,-23.94081
4.29487,-23.89017
4.37793,-23.83818
4.45830,-23.78499
4.53591,-23.73075
4.61071,-23.67564
4.68267,-23.61979
4.75175,-23.56338
4.81794,-23.50655
4.88122,-23.44948
4.94159,-23.39230
4.99908,-23.33518
5.05369,-23.27826
5.10548,-23.22169
5.15448,-23.16559
5.20075,-23.11011
5.24436,-23.05535
5.28538,-23.00143
5.32391,-22.94844
5.36005,-22.89645
5.39391,-22.84553
5.42562,-22.79571
5.45530,-22.74702
5.48312,-22.69942
5.50923,-22.65288
5.53382,-22.60730
5.55708,-22.56253
5.57924,-22.51839
5.60055,-22.47458
5.62131,-22.43075
5.64185,-22.38641
5.66260,-22.34095
5.68409,-22.29357
5.70700,-22.24324
5.73224,-22.18867
5.76108,-22.12821
5.79532,-22.05982
5.83758,-21.98105
5.89171,-21.88913
5.96331,-21.78136
6.06018,-21.65616
6.19221,-21.51510
6.36914,-21.36597
6.59494,-21.22493
6.86018,-21.11345
7.14029,-21.04774
7.40586,-21.02911
7.63666,-21.04577
7.82638,-21.08229
7.97835,-21.12664
8.09961,-21.17174
8.19744,-21.21429
8.27793,-21.25317
8.34583,-21.28837
8.40469,-21.32033
8.45719,-21.34965
8.50530,-21.37690
8.55054,-21.40261
8.59405,-21.42719
8.63673,-21.45098
8.67929,-21.47424
8.72228,-21.49715
8.76615,-21.51984
8.81129,-21.54238
8.85797,-21.56481
8.90645,-21.58711
8.95693,-21.60927
9.00957,-21.63122
9.06450,-21.65288
9.12182,-21.67418
9.18162,-21.69500
9.24394,-21.71522
9.30882,-21.73473
9.37629,-21.75340
9.44633,-21.77109
9.51894,-21.78767
9.59409,-21.80300
9.67174,-21.81694
9.75182,-21.82936
9.83427,-21.84013
9.91901,-21.84911
10.00596,-21.85618
10.09501,-21.86122
10.18605,-21.86410
10.27896,-21.86472
10.37363,-21.86298
10.46991,-21.85877
10.56767,-21.85201
10.66676,-21.84262
10.76702,-21.83053
10.86831,-21.81566
10.97046,-21.79798
11.07331,-21.77742
11.17669,-21.75396
11.28043,-21.72758
11.38436,-21.69825
11.48830,-21.66597
11.59209,-21.63074
11.69555,-21.59259
11.79852,-21.55153
11.90081,-21.50760
12.00227,-21.46085
12.10273,-21.41132
12.20202,-21.35909
12.30000,-21.30422
12.39650,-21.24681
12.49138,-21.18693
12.58450,-21.12470
12.67572,-21.06021
12.76491,-20.99358
12.85195,-20.92494
12.93673,-20.85442
13.01913,-20.78215
13.09905,-20.70827
13.17642,-20.63293
13.25114,-20.55628
13.32314,-20.47848
13.39237,-20.39969
13.45876,-20.32007
13.52228,-20.23978
13.58289,-20.15899
13.64057,-20.07787
13.69530,-19.99659
13.74708,-19.91531
13.79592,-19.83420
13.84184,-19.75343
13.88487,-19.67314
13.92503,-19.59351
13.96238,-19.51467
13.99697,-19.43679
14.02887,-19.36000
14.05816,-19.28444
14.08490,-19.21023
14.10920,-19.13748
14.13115,-19.06631
14.15085,-18.99680
14.16842,-18.92904
14.18396,-18.86310
14.19761,-18.79901
14.20948,-18.73682
14.21970,-18.67653
14.22840,-18.61812
14.23571,-18.56156
14.24176,-18.50677
14.24669,-18.45363
14.25061,-18.40199
14.25365,-18.35163
14.25594,-18.30229
14.25759,-18.25360
14.25873,-18.20512
14.25946,-18.15626
14.25993,-18.10629
14.26029,-18.05426
14.26074,-17.99896
14.26160,-17.93884
14.26336,-17.87188
14.26682,-17.79548
14.27340,-17.70633
14.28546,-17.60034
14.30703,-17.47277
14.34461,-17.31899
14.40785,-17.13643
14.50882,-16.92822
14.65773,-16.70754
14.85470,-16.49782
15.08386,-16.32385
15.31890,-16.19882
15.53652,-16.12016
15.72470,-16.07635
15.88156,-16.05506
16.01069,-16.04694
16.11736,-16.04602
16.20671,-16.04880
16.28305,-16.05334
16.34983,-16.05860
16.40971,-16.06403
16.46475,-16.06935
16.51653,-16.07444
16.56628,-16.07919
16.61495,-16.08357
16.66328,-16.08751
16.71188,-16.09096
16.76119,-16.09384
16.81159,-16.09607
16.86335,-16.09757
16.91672,-16.09823
16.97184,-16.09794
17.02886,-16.09658
17.08785,-16.09403
17.14888,-16.09017
17.21197,-16.08486
17.27713,-16.07799
17.34434,-16.06942
17.41357,-16.05904
17.48475,-16.04671
17.55783,-16.03232
17.63272,-16.01576
17.70932,-15.99692
17.78753,-15.97569
17.86723,-15.95199
17.94831,-15.92573
18.03061,-15.89683
18.11401,-15.86521
18.19835,-15.83081
18.28348,-15.79359
18.36925,-15.75349
18.45550,-15.71049
18.54206,-15.66455
18.62876,-15.61567
18.71544,-15.56384
18.80193,-15.50906
18.88805,-15.45135
18.97365,-15.39074
19.05855,-15.32726
19.14259,-15.26097
19.22560,-15.19190
19.30743,-15.12013
19.38792,-15.04574
19.46692,-14.96880
19.54428,-14.88941
19.61986,-14.80767
19.69353,-14.72370
19.76516,-14.63759
19.83463,-14.54949
19.90182,-14.45952
19.96662,-14.36781
20.02895,-14.27452
20.08870,-14.17979
20.14581,-14.08378
20.20019,-13.98663
20.25178,-13.88853
20.30054,-13.78962
20.34642,-13.69008
20.38939,-13.59008
20.42942,-13.48978
20.46651,-13.38937
20.50065,-13.28901
20.53184,-13.18887
20.56011,-13.08913
20.58548,-12.98995
20.60799,-12.89150
20.62768,-12.79393
20.64462,-12.69742
20.65887,-12.60210
20.67050,-12.50814
20.67960,-12.41567
20.68624,-12.32482
20.69054,-12.23574
20.69260,-12.14853
20.69253,-12.06331
20.69044,-11.98019
20.68645,-11.89925
20.68070,-11.82057
20.67331,-11.74423
20.66441,-11.67028
20.65414,-11.59877
20.64263,-11.52973
20.63001,-11.46316
20.61641,-11.39906
20.60196,-11.33742
20.58677,-11.27819
20.57096,-11.22129
20.55464,-11.16665
20.53788,-11.11413
20.52076,-11.06358
20.50334,-11.01481
20.48564,-10.96757
20.46766,-10.92156
20.44937,-10.87641
20.43068,-10.83166
20.41148,-10.78672
20.39159,-10.74088
20.37075,-10.69320
20.34868,-10.64251
20.32501,-10.58723
20.29937,-10.52535
20.27147,-10.45414
20.24121,-10.37003
20.20912,-10.26829
20.17694,-10.14297
20.14872,-9.98721
20.13223,-9.79471
20.13979,-9.56343
20.18607,-9.30126
20.28071,-9.02955
20.41930,-8.77742
20.58316,-8.56760
20.74998,-8.40723
20.90407,-8.29067
21.03871,-8.20741
21.15337,-8.14747
21.25045,-8.10325
21.33320,-8.06945
21.40479,-8.04254
21.46793,-8.02018
21.52484,-8.00079
21.57729,-7.98327
21.62666,-7.96685
21.67405,-7.95096
21.72029,-7.93516
21.76605,-7.91910
21.81184,-7.90249
21.85806,-7.88506
21.90501,-7.86661
21.95291,-7.84692
22.00193,-7.82582
22.05217,-7.80313
22.10371,-7.77870
22.15656,-7.75237
22.21074,-7.72402
22.26622,-7.69351
22.32296,-7.66073
22.38087,-7.62557
22.43988,-7.58792
22.49990,-7.54771
22.56081,-7.50484
22.62249,-7.45925
22.68480,-7.41088
22.74762,-7.35968
22.81079,-7.30561
22.87417,-7.24865
22.93760,-7.18876
23.00093,-7.12596
23.06399,-7.06023
23.12662,-6.99160
23.18867,-6.92008
23.24997,-6.84572
23.31036,-6.76854
23.36968,-6.68862
23.42779,-6.60602
23.48452,-6.52080
23.53973,-6.43305
23.59327,-6.34286
23.64501,-6.25034
23.69482,-6.15559
23.74256,-6.05873
23.78813,-5.95989
23.83140,-5.85919
23.87227,-5.75677
23.91066,-5.65278
23.94646,-5.54737
23.97961,-5.44068
24.01002,-5.33289
24.03765,-5.22415
24.06243,-5.11463
24.08434,-5.00449
24.10333,-4.89392
24.11938,-4.78307
24.13250,-4.67213
24.14267,-4.56127
24.14990,-4.45066
24.15421,-4.34047
24.15564,-4.23087
24.15422,-4.12204
24.15000,-4.01413
24.14304,-3.90732
24.13340,-3.80175
24.12117,-3.69759
24.10642,-3.59497
24.08926,-3.49404
24.06978,-3.39495
24.04809,-3.29780
24.02431,-3.20274
23.99856,-3.10987
23.97096,-3.01930
23.94166,-2.93113
23.91078,-2.84543
23.87848,-2.76230
23.84489,-2.68180
23.81016,-2.60398
23.77444,-2.52889
23.73787,-2.45656
23.70062,-2.38703
23.66282,-2.32030
23.62461,-2.25636
23.58614,-2.19521
23.54754,-2.13682
23.50894,-2.08114
23.47044,-2.02811
23.43217,-1.97768
23.39420,-1.92974
23.35662,-1.88420
23.31948,-1.84091
23.28281,-1.79975
23.24661,-1.76054
23.21086,-1.72307
23.17548,-1.68711
23.14034,-1.65239
23.10526,-1.61859
23.06999,-1.58530
23.03417,-1.55206
22.99735,-1.51828
22.95892,-1.48320
22.91814,-1.44586
22.87403,-1.40499
22.82545,-1.35888
22.77099,-1.30519
22.70914,-1.24065
22.63844,-1.16076
22.55807,-1.05937
22.46893,-0.92855
22.37558,-0.75939
22.28841,-0.54504
22.22406,-0.28671
22.20000,0.00000
